{
    "open_klu_rate": 6.167069435119629,
    "open_klu_amp": 4.978585720062256,
    "chan_divergence_rate": 5.533523082733154,
    "macd_dif": 6.156824588775635,
    "macd_dea": 6.434101581573486,
    "macd_hist": 4.8146538734436035,
    "boll_pos": 5.35684061050415,
    "boll_width": 5.10695743560791,
    "roc_10": 6.359461307525635,
    "ma20_dist": 4.331489086151123,
    "ma60_dist": 4.706357479095459,
    "volatility_atr": 5.836422920227051
}