{"mean": {"open_klu_rate": -0.005624657134555849, "open_klu_amp": 0.01737333809130276, "chan_divergence_rate": 0.9255988456907002, "macd_dif": -3.2135773343079057, "macd_dea": -2.906601348204462, "macd_hist": -0.613951972206887, "boll_pos": 0.12622103551251473, "boll_width": 0.06895572942672758, "roc_10": -0.027176170158225637, "ma20_dist": -0.02562439266151081, "ma60_dist": -0.05383430080622732, "volatility_atr": 0.014079816452437242, "bi_macd_area": 4.346724850890366, "bi_macd_peak": 1.725944416286842, "bi_slope": 0.0049291555532225495, "bi_amp_norm": 0.07974161128931656, "bi_macd_area_ratio": 0.7352322683740071, "bi_amp_ratio": 1.3894736745304823}, "std": {"open_klu_rate": 0.0075146606516329735, "open_klu_amp": 0.017223583208233827, "chan_divergence_rate": 0.43363207033414547, "macd_dif": 0.8331232231337394, "macd_dea": 1.0977228040966769, "macd_hist": 0.8642358187914999, "boll_pos": 0.11557041676173568, "boll_width": 0.020338053233150355, "roc_10": 0.01500772048652097, "ma20_dist": 0.009938039484222864, "ma60_dist": 0.026588882356162906, "volatility_atr": 0.010742527478660715, "bi_macd_area": 5.219251023885562, "bi_macd_peak": 0.7306912201691717, "bi_slope": 0.004194804437371008, "bi_amp_norm": 0.019763648446888615, "bi_macd_area_ratio": 1.3858974631082341, "bi_amp_ratio": 0.2953935496385662}}